Loan_ID,Gender,Married,Dependents,Education,Self_Employed,ApplicantIncome,Property_Area,Credit_History
LP001002,Male,No,0,Graduate,No,5849,Urban,1
LP001003,Male,Yes,1,Graduate,No,4583,Rural,1
LP001005,Male,Yes,0,Graduate,Yes,3000,Urban,1
LP001006,Male,Yes,0,Not Graduate,No,2583,Urban,1
LP001008,Male,No,0,Graduate,No,6000,Urban,1
LP001011,Male,Yes,2,Graduate,Yes,5417,Urban,1
LP001013,Male,Yes,0,Not Graduate,No,2333,Urban,1
LP001014,Male,Yes,3+,Graduate,No,3036,Semiurban,0
LP001018,Male,Yes,2,Graduate,No,4006,Urban,1
LP001020,Male,Yes,1,Graduate,No,12841,Semiurban,1
LP001024,Male,Yes,2,Graduate,No,3200,Urban,1
LP001027,Male,Yes,2,Graduate,,2500,Urban,1
LP001028,Male,Yes,2,Graduate,No,3073,Urban,1
LP001029,Male,No,0,Graduate,No,1853,Rural,1
LP001030,Male,Yes,2,Graduate,No,1299,Urban,1
LP001032,Male,No,0,Graduate,No,4950,Urban,1
LP001034,Male,No,1,Not Graduate,No,3596,Urban,
LP001036,Female,No,0,Graduate,No,3510,Urban,0
LP001038,Male,Yes,0,Not Graduate,No,4887,Rural,1
LP001041,Male,Yes,0,Graduate,,2600,Urban,1
LP001043,Male,Yes,0,Not Graduate,No,7660,Urban,0
LP001046,Male,Yes,1,Graduate,No,5955,Urban,1
LP001047,Male,Yes,0,Not Graduate,No,2600,Semiurban,0
LP001050,,Yes,2,Not Graduate,No,3365,Rural,0
LP001052,Male,Yes,1,Graduate,,3717,Semiurban,
LP001066,Male,Yes,0,Graduate,Yes,9560,Semiurban,1
LP001068,Male,Yes,0,Graduate,No,2799,Semiurban,1
LP001073,Male,Yes,2,Not Graduate,No,4226,Urban,1
LP001086,Male,No,0,Not Graduate,No,1442,Urban,1
LP001087,Female,No,2,Graduate,,3750,Semiurban,1
LP001091,Male,Yes,1,Graduate,,4166,Urban,
LP001095,Male,No,0,Graduate,No,3167,Urban,1
LP001097,Male,No,1,Graduate,Yes,4692,Rural,1
LP001098,Male,Yes,0,Graduate,No,3500,Semiurban,1
LP001100,Male,No,3+,Graduate,No,12500,Rural,1
LP001106,Male,Yes,0,Graduate,No,2275,Urban,1
LP001109,Male,Yes,0,Graduate,No,1828,Urban,0
LP001112,Female,Yes,0,Graduate,No,3667,Semiurban,1
LP001114,Male,No,0,Graduate,No,4166,Urban,1
LP001116,Male,No,0,Not Graduate,No,3748,Semiurban,1
LP001119,Male,No,0,Graduate,No,3600,Urban,1
LP001120,Male,No,0,Graduate,No,1800,Urban,1
LP001123,Male,Yes,0,Graduate,No,2400,Urban,
LP001131,Male,Yes,0,Graduate,No,3941,Semiurban,1
LP001136,Male,Yes,0,Not Graduate,Yes,4695,Urban,1
LP001137,Female,No,0,Graduate,No,3410,Urban,1
LP001138,Male,Yes,1,Graduate,No,5649,Urban,1
LP001144,Male,Yes,0,Graduate,No,5821,Urban,1
LP001146,Female,Yes,0,Graduate,No,2645,Urban,0
LP001151,Female,No,0,Graduate,No,4000,Semiurban,1
LP001155,Female,Yes,0,Not Graduate,No,1928,Semiurban,1
LP001157,Female,No,0,Graduate,No,3086,Semiurban,1
LP001164,Female,No,0,Graduate,No,4230,Semiurban,1
LP001179,Male,Yes,2,Graduate,No,4616,Urban,1
LP001186,Female,Yes,1,Graduate,Yes,11500,Urban,0
LP001194,Male,Yes,2,Graduate,No,2708,Semiurban,1
LP001195,Male,Yes,0,Graduate,No,2132,Semiurban,1
LP001197,Male,Yes,0,Graduate,No,3366,Rural,1
LP001198,Male,Yes,1,Graduate,No,8080,Urban,1
LP001199,Male,Yes,2,Not Graduate,No,3357,Urban,1
LP001205,Male,Yes,0,Graduate,No,2500,Urban,1
LP001206,Male,Yes,3+,Graduate,No,3029,Urban,1
LP001207,Male,Yes,0,Not Graduate,Yes,2609,Rural,0
LP001213,Male,Yes,1,Graduate,No,4945,Rural,0
LP001222,Female,No,0,Graduate,No,4166,Semiurban,0
LP001225,Male,Yes,0,Graduate,No,5726,Semiurban,1
LP001228,Male,No,0,Not Graduate,No,3200,Urban,0
LP001233,Male,Yes,1,Graduate,No,10750,Urban,1
LP001238,Male,Yes,3+,Not Graduate,Yes,7100,Urban,1
LP001241,Female,No,0,Graduate,No,4300,Semiurban,0
LP001243,Male,Yes,0,Graduate,No,3208,Urban,1
LP001245,Male,Yes,2,Not Graduate,Yes,1875,Semiurban,1
LP001248,Male,No,0,Graduate,No,3500,Semiurban,1
LP001250,Male,Yes,3+,Not Graduate,No,4755,Semiurban,0
LP001253,Male,Yes,3+,Graduate,Yes,5266,Semiurban,1
LP001255,Male,No,0,Graduate,No,3750,Urban,1
LP001256,Male,No,0,Graduate,No,3750,Urban,1
LP001259,Male,Yes,1,Graduate,Yes,1000,Urban,1
LP001263,Male,Yes,3+,Graduate,No,3167,Semiurban,0
LP001264,Male,Yes,3+,Not Graduate,Yes,3333,Semiurban,
LP001265,Female,No,0,Graduate,No,3846,Semiurban,1
LP001266,Male,Yes,1,Graduate,Yes,2395,Semiurban,1
LP001267,Female,Yes,2,Graduate,No,1378,Urban,1
LP001273,Male,Yes,0,Graduate,No,6000,Semiurban,
LP001275,Male,Yes,1,Graduate,No,3988,Urban,1
LP001279,Male,No,0,Graduate,No,2366,Semiurban,1
LP001280,Male,Yes,2,Not Graduate,No,3333,Semiurban,
LP001282,Male,Yes,0,Graduate,No,2500,Semiurban,1
LP001289,Male,No,0,Graduate,No,8566,Urban,1
LP001310,Male,Yes,0,Graduate,No,5695,Semiurban,1
LP001316,Male,Yes,0,Graduate,No,2958,Semiurban,1
LP001318,Male,Yes,2,Graduate,No,6250,Semiurban,1
LP001319,Male,Yes,2,Not Graduate,No,3273,Urban,1
LP001322,Male,No,0,Graduate,No,4133,Semiurban,1
LP001325,Male,No,0,Not Graduate,No,3620,Semiurban,1
LP001326,Male,No,0,Graduate,,6782,Urban,
LP001327,Female,Yes,0,Graduate,No,2484,Semiurban,1
LP001333,Male,Yes,0,Graduate,No,1977,Semiurban,1
LP001334,Male,Yes,0,Not Graduate,No,4188,Semiurban,1
LP001343,Male,Yes,0,Graduate,No,1759,Semiurban,1
LP001345,Male,Yes,2,Not Graduate,No,4288,Urban,1
LP001349,Male,No,0,Graduate,No,4843,Semiurban,1
LP001350,Male,Yes,,Graduate,No,13650,Urban,1
LP001356,Male,Yes,0,Graduate,No,4652,Semiurban,1
LP001357,Male,,,Graduate,No,3816,Urban,1
LP001367,Male,Yes,1,Graduate,No,3052,Urban,1
LP001369,Male,Yes,2,Graduate,No,11417,Urban,1
LP001370,Male,No,0,Not Graduate,,7333,Rural,1
LP001379,Male,Yes,2,Graduate,No,3800,Urban,0
LP001384,Male,Yes,3+,Not Graduate,No,2071,Semiurban,1
LP001385,Male,No,0,Graduate,No,5316,Urban,1
LP001387,Female,Yes,0,Graduate,,2929,Semiurban,1
LP001391,Male,Yes,0,Not Graduate,No,3572,Rural,0
LP001392,Female,No,1,Graduate,Yes,7451,Semiurban,1
LP001398,Male,No,0,Graduate,,5050,Semiurban,1
LP001401,Male,Yes,1,Graduate,No,14583,Rural,1
LP001404,Female,Yes,0,Graduate,No,3167,Semiurban,1
LP001405,Male,Yes,1,Graduate,No,2214,Urban,
LP001421,Male,Yes,0,Graduate,No,5568,Rural,1
LP001422,Female,No,0,Graduate,No,10408,Urban,1
LP001426,Male,Yes,,Graduate,No,5667,Rural,1
LP001430,Female,No,0,Graduate,No,4166,Semiurban,1
LP001431,Female,No,0,Graduate,No,2137,Semiurban,0
LP001432,Male,Yes,2,Graduate,No,2957,Semiurban,1
LP001439,Male,Yes,0,Not Graduate,No,4300,Rural,1
LP001443,Female,No,0,Graduate,No,3692,Rural,
LP001448,,Yes,3+,Graduate,No,23803,Rural,1
LP001449,Male,No,0,Graduate,No,3865,Rural,1
LP001451,Male,Yes,1,Graduate,Yes,10513,Urban,0
LP001465,Male,Yes,0,Graduate,No,6080,Rural,
LP001469,Male,No,0,Graduate,Yes,20166,Urban,
LP001473,Male,No,0,Graduate,No,2014,Urban,1
LP001478,Male,No,0,Graduate,No,2718,Semiurban,1
LP001482,Male,Yes,0,Graduate,Yes,3459,Semiurban,1
LP001487,Male,No,0,Graduate,No,4895,Semiurban,1
LP001488,Male,Yes,3+,Graduate,No,4000,Semiurban,1
LP001489,Female,Yes,0,Graduate,No,4583,Rural,1
LP001491,Male,Yes,2,Graduate,Yes,3316,Urban,1
LP001492,Male,No,0,Graduate,No,14999,Semiurban,0
LP001493,Male,Yes,2,Not Graduate,No,4200,Rural,1
LP001497,Male,Yes,2,Graduate,No,5042,Rural,1
LP001498,Male,No,0,Graduate,No,5417,Urban,1
LP001504,Male,No,0,Graduate,Yes,6950,Semiurban,1
LP001507,Male,Yes,0,Graduate,No,2698,Semiurban,1
LP001508,Male,Yes,2,Graduate,No,11757,Urban,1
LP001514,Female,Yes,0,Graduate,No,2330,Semiurban,1
LP001516,Female,Yes,2,Graduate,No,14866,Urban,1
LP001518,Male,Yes,1,Graduate,No,1538,Urban,1
LP001519,Female,No,0,Graduate,No,10000,Rural,1
LP001520,Male,Yes,0,Graduate,No,4860,Semiurban,1
LP001528,Male,No,0,Graduate,No,6277,Rural,0
LP001529,Male,Yes,0,Graduate,Yes,2577,Rural,1
LP001531,Male,No,0,Graduate,No,9166,Urban,1
LP001532,Male,Yes,2,Not Graduate,No,2281,Rural,1
LP001535,Male,No,0,Graduate,No,3254,Urban,1
LP001536,Male,Yes,3+,Graduate,No,39999,Semiurban,0
LP001541,Male,Yes,1,Graduate,No,6000,Rural,
LP001543,Male,Yes,1,Graduate,No,9538,Urban,1
LP001546,Male,No,0,Graduate,,2980,Rural,1
LP001552,Male,Yes,0,Graduate,No,4583,Semiurban,1
LP001560,Male,Yes,0,Not Graduate,No,1863,Semiurban,1
LP001562,Male,Yes,0,Graduate,No,7933,Urban,1
LP001565,Male,Yes,1,Graduate,No,3089,Semiurban,0
LP001570,Male,Yes,2,Graduate,No,4167,Rural,1
LP001572,Male,Yes,0,Graduate,No,9323,Urban,1
LP001574,Male,Yes,0,Graduate,No,3707,Rural,1
LP001577,Female,Yes,0,Graduate,No,4583,Rural,1
LP001578,Male,Yes,0,Graduate,No,2439,Rural,1
LP001579,Male,No,0,Graduate,No,2237,Semiurban,0
LP001580,Male,Yes,2,Graduate,No,8000,Semiurban,1
LP001581,Male,Yes,0,Not Graduate,,1820,Rural,1
LP001585,,Yes,3+,Graduate,No,51763,Urban,1
LP001586,Male,Yes,3+,Not Graduate,No,3522,Rural,1
LP001594,Male,Yes,0,Graduate,No,5708,Semiurban,1
LP001603,Male,Yes,0,Not Graduate,Yes,4344,Semiurban,1
LP001606,Male,Yes,0,Graduate,No,3497,Rural,1
LP001608,Male,Yes,2,Graduate,No,2045,Rural,1
LP001610,Male,Yes,3+,Graduate,No,5516,Semiurban,0
LP001616,Male,Yes,1,Graduate,No,3750,Semiurban,1
LP001630,Male,No,0,Not Graduate,No,2333,Urban,0
LP001633,Male,Yes,1,Graduate,No,6400,Urban,0
LP001634,Male,No,0,Graduate,No,1916,Rural,
LP001636,Male,Yes,0,Graduate,No,4600,Semiurban,1
LP001637,Male,Yes,1,Graduate,No,33846,Semiurban,1
LP001639,Female,Yes,0,Graduate,No,3625,Semiurban,1
LP001640,Male,Yes,0,Graduate,Yes,39147,Semiurban,1
LP001641,Male,Yes,1,Graduate,Yes,2178,Rural,0
LP001643,Male,Yes,0,Graduate,No,2383,Rural,
LP001644,,Yes,0,Graduate,Yes,674,Rural,1
LP001647,Male,Yes,0,Graduate,No,9328,Rural,1
LP001653,Male,No,0,Not Graduate,No,4885,Rural,1
LP001656,Male,No,0,Graduate,No,12000,Semiurban,1
LP001657,Male,Yes,0,Not Graduate,No,6033,Urban,1
LP001658,Male,No,0,Graduate,No,3858,Semiurban,1
LP001664,Male,No,0,Graduate,No,4191,Rural,1
LP001665,Male,Yes,1,Graduate,No,3125,Semiurban,1
LP001666,Male,No,0,Graduate,No,8333,Rural,1
LP001669,Female,No,0,Not Graduate,No,1907,Urban,1
LP001671,Female,Yes,0,Graduate,No,3416,Semiurban,
LP001673,Male,No,0,Graduate,Yes,11000,Urban,1
LP001674,Male,Yes,1,Not Graduate,No,2600,Semiurban,1
LP001677,Male,No,2,Graduate,No,4923,Semiurban,0
LP001682,Male,Yes,3+,Not Graduate,No,3992,Urban,1
LP001688,Male,Yes,1,Not Graduate,No,3500,Urban,1
LP001691,Male,Yes,2,Not Graduate,No,3917,Semiurban,1
LP001692,Female,No,0,Not Graduate,No,4408,Semiurban,1
LP001693,Female,No,0,Graduate,No,3244,Urban,1
LP001698,Male,No,0,Not Graduate,No,3975,Rural,1
LP001699,Male,No,0,Graduate,No,2479,Urban,1
LP001702,Male,No,0,Graduate,No,3418,Semiurban,1
LP001708,Female,No,0,Graduate,No,10000,Semiurban,1
LP001711,Male,Yes,3+,Graduate,No,3430,Semiurban,0
LP001713,Male,Yes,1,Graduate,Yes,7787,Urban,1
LP001715,Male,Yes,3+,Not Graduate,Yes,5703,Rural,1
LP001716,Male,Yes,0,Graduate,No,3173,Urban,1
LP001720,Male,Yes,3+,Not Graduate,No,3850,Semiurban,1
LP001722,Male,Yes,0,Graduate,No,150,Rural,1
LP001726,Male,Yes,0,Graduate,No,3727,Semiurban,1
LP001732,Male,Yes,2,Graduate,,5000,Semiurban,0
LP001734,Female,Yes,2,Graduate,No,4283,Semiurban,
LP001736,Male,Yes,0,Graduate,No,2221,Urban,0
LP001743,Male,Yes,2,Graduate,No,4009,Semiurban,1
LP001744,Male,No,0,Graduate,No,2971,Semiurban,1
LP001749,Male,Yes,0,Graduate,No,7578,Semiurban,1
LP001750,Male,Yes,0,Graduate,No,6250,Semiurban,1
LP001751,Male,Yes,0,Graduate,No,3250,Rural,1
LP001754,Male,Yes,,Not Graduate,Yes,4735,Urban,1
LP001758,Male,Yes,2,Graduate,No,6250,Semiurban,1
LP001760,Male,,,Graduate,No,4758,Semiurban,1
LP001761,Male,No,0,Graduate,Yes,6400,Rural,1
LP001765,Male,Yes,1,Graduate,No,2491,Semiurban,1
LP001768,Male,Yes,0,Graduate,,3716,Rural,1
LP001770,Male,No,0,Not Graduate,No,3189,Rural,1
LP001776,Female,No,0,Graduate,No,8333,Semiurban,1
LP001778,Male,Yes,1,Graduate,No,3155,Semiurban,1
LP001784,Male,Yes,1,Graduate,No,5500,Rural,1
LP001786,Male,Yes,0,Graduate,,5746,Urban,
LP001788,Female,No,0,Graduate,Yes,3463,Urban,
LP001790,Female,No,1,Graduate,No,3812,Rural,1
LP001792,Male,Yes,1,Graduate,No,3315,Semiurban,1
LP001798,Male,Yes,2,Graduate,No,5819,Rural,1
LP001800,Male,Yes,1,Not Graduate,No,2510,Urban,1
LP001806,Male,No,0,Graduate,No,2965,Urban,1
LP001807,Male,Yes,2,Graduate,Yes,6250,Rural,1
LP001811,Male,Yes,0,Not Graduate,No,3406,Semiurban,1
LP001813,Male,No,0,Graduate,Yes,6050,Urban,1
LP001814,Male,Yes,2,Graduate,No,9703,Urban,1
LP001819,Male,Yes,1,Not Graduate,No,6608,Urban,1
LP001824,Male,Yes,1,Graduate,No,2882,Semiurban,1
LP001825,Male,Yes,0,Graduate,No,1809,Urban,1
LP001835,Male,Yes,0,Not Graduate,No,1668,Semiurban,0
LP001836,Female,No,2,Graduate,No,3427,Urban,1
LP001841,Male,No,0,Not Graduate,Yes,2583,Rural,1
LP001843,Male,Yes,1,Not Graduate,No,2661,Semiurban,1
LP001844,Male,No,0,Graduate,Yes,16250,Urban,0
LP001846,Female,No,3+,Graduate,No,3083,Rural,1
LP001849,Male,No,0,Not Graduate,No,6045,Rural,0
LP001854,Male,Yes,3+,Graduate,No,5250,Urban,1
LP001859,Male,Yes,0,Graduate,No,14683,Rural,1
LP001864,Male,Yes,3+,Not Graduate,No,4931,Semiurban,
LP001865,Male,Yes,1,Graduate,No,6083,Urban,
LP001868,Male,No,0,Graduate,No,2060,Semiurban,1
LP001870,Female,No,1,Graduate,No,3481,Semiurban,1
LP001871,Female,No,0,Graduate,No,7200,Rural,1
LP001872,Male,No,0,Graduate,Yes,5166,Semiurban,1
LP001875,Male,No,0,Graduate,No,4095,Rural,1
LP001877,Male,Yes,2,Graduate,No,4708,Semiurban,1
LP001882,Male,Yes,3+,Graduate,No,4333,Urban,0
LP001883,Female,No,0,Graduate,,3418,Rural,1
LP001884,Female,No,1,Graduate,No,2876,Urban,1
LP001888,Female,No,0,Graduate,No,3237,Urban,1
LP001891,Male,Yes,0,Graduate,No,11146,Urban,1
LP001892,Male,No,0,Graduate,No,2833,Rural,1
LP001894,Male,Yes,0,Graduate,No,2620,Semiurban,1
LP001896,Male,Yes,2,Graduate,No,3900,Semiurban,1
LP001900,Male,Yes,1,Graduate,No,2750,Semiurban,1
LP001903,Male,Yes,0,Graduate,No,3993,Semiurban,1
LP001904,Male,Yes,0,Graduate,No,3103,Urban,1
LP001907,Male,Yes,0,Graduate,No,14583,Semiurban,1
LP001908,Female,Yes,0,Not Graduate,No,4100,Rural,
LP001910,Male,No,1,Not Graduate,Yes,4053,Urban,0
LP001914,Male,Yes,0,Graduate,No,3927,Semiurban,1
LP001915,Male,Yes,2,Graduate,No,2301,Urban,1
LP001917,Female,No,0,Graduate,No,1811,Urban,1
LP001922,Male,Yes,0,Graduate,No,20667,Rural,1
LP001924,Male,No,0,Graduate,No,3158,Rural,1
LP001925,Female,No,0,Graduate,Yes,2600,Semiurban,1
LP001926,Male,Yes,0,Graduate,No,3704,Rural,1
LP001931,Female,No,0,Graduate,No,4124,Semiurban,1
LP001935,Male,No,0,Graduate,No,9508,Rural,1
LP001936,Male,Yes,0,Graduate,No,3075,Rural,1
LP001938,Male,Yes,2,Graduate,No,4400,Semiurban,0
LP001940,Male,Yes,2,Graduate,No,3153,Urban,1
LP001945,Female,No,,Graduate,No,5417,Urban,0
LP001947,Male,Yes,0,Graduate,No,2383,Semiurban,1
LP001949,Male,Yes,3+,Graduate,,4416,Urban,1
LP001953,Male,Yes,1,Graduate,No,6875,Semiurban,1
LP001954,Female,Yes,1,Graduate,No,4666,Urban,1
LP001955,Female,No,0,Graduate,No,5000,Rural,1
LP001963,Male,Yes,1,Graduate,No,2014,Urban,1
LP001964,Male,Yes,0,Not Graduate,No,1800,Urban,0
LP001972,Male,Yes,,Not Graduate,No,2875,Semiurban,1
LP001974,Female,No,0,Graduate,No,5000,Rural,1
LP001977,Male,Yes,1,Graduate,No,1625,Urban,1
LP001978,Male,No,0,Graduate,No,4000,Rural,1
LP001990,Male,No,0,Not Graduate,No,2000,Urban,1
LP001993,Female,No,0,Graduate,No,3762,Rural,1
LP001994,Female,No,0,Graduate,No,2400,Urban,0
LP001996,Male,No,0,Graduate,No,20233,Rural,1
LP001998,Male,Yes,2,Not Graduate,No,7667,Rural,
LP002002,Female,No,0,Graduate,No,2917,Semiurban,1
LP002004,Male,No,0,Not Graduate,No,2927,Semiurban,1
LP002006,Female,No,0,Graduate,No,2507,Rural,1
LP002008,Male,Yes,2,Graduate,Yes,5746,Rural,
LP002024,,Yes,0,Graduate,No,2473,Rural,1
LP002031,Male,Yes,1,Not Graduate,No,3399,Urban,1
LP002035,Male,Yes,2,Graduate,No,3717,Semiurban,1
LP002036,Male,Yes,0,Graduate,No,2058,Urban,
LP002043,Female,No,1,Graduate,No,3541,Semiurban,
LP002050,Male,Yes,1,Graduate,Yes,10000,Rural,1
LP002051,Male,Yes,0,Graduate,No,2400,Semiurban,1
LP002053,Male,Yes,3+,Graduate,No,4342,Semiurban,1
LP002054,Male,Yes,2,Not Graduate,No,3601,Rural,1
LP002055,Female,No,0,Graduate,No,3166,Rural,
LP002065,Male,Yes,3+,Graduate,No,15000,Rural,1
LP002067,Male,Yes,1,Graduate,Yes,8666,Rural,0
LP002068,Male,No,0,Graduate,No,4917,Rural,0
LP002082,Male,Yes,0,Graduate,Yes,5818,Semiurban,1
LP002086,Female,Yes,0,Graduate,No,4333,Urban,1
LP002087,Female,No,0,Graduate,No,2500,Urban,1
LP002097,Male,No,1,Graduate,No,4384,Urban,1
LP002098,Male,No,0,Graduate,No,2935,Semiurban,1
LP002100,Male,No,,Graduate,No,2833,Urban,1
LP002101,Male,Yes,0,Graduate,,63337,Urban,1
LP002103,,Yes,1,Graduate,Yes,9833,Urban,1
LP002106,Male,Yes,,Graduate,Yes,5503,Semiurban,1
LP002110,Male,Yes,1,Graduate,,5250,Rural,1
LP002112,Male,Yes,2,Graduate,Yes,2500,Rural,1
LP002113,Female,No,3+,Not Graduate,No,1830,Urban,0
LP002114,Female,No,0,Graduate,No,4160,Semiurban,1
LP002115,Male,Yes,3+,Not Graduate,No,2647,Rural,1
LP002116,Female,No,0,Graduate,No,2378,Rural,1
LP002119,Male,Yes,1,Not Graduate,No,4554,Urban,1
LP002126,Male,Yes,3+,Not Graduate,No,3173,Semiurban,1
LP002128,Male,Yes,2,Graduate,,2583,Rural,1
LP002129,Male,Yes,0,Graduate,No,2499,Semiurban,1
LP002130,Male,Yes,,Not Graduate,No,3523,Rural,0
LP002131,Male,Yes,2,Not Graduate,No,3083,Urban,1
LP002137,Male,Yes,0,Graduate,No,6333,Semiurban,
LP002138,Male,Yes,0,Graduate,No,2625,Rural,1
LP002139,Male,Yes,0,Graduate,No,9083,Semiurban,1
LP002140,Male,No,0,Graduate,No,8750,Rural,1
LP002141,Male,Yes,3+,Graduate,No,2666,Rural,1
LP002142,Female,Yes,0,Graduate,Yes,5500,Rural,0
LP002143,Female,Yes,0,Graduate,No,2423,Semiurban,1
LP002144,Female,No,,Graduate,No,3813,Urban,1
LP002149,Male,Yes,2,Graduate,No,8333,Rural,1
LP002151,Male,Yes,1,Graduate,No,3875,Urban,1
LP002158,Male,Yes,0,Not Graduate,No,3000,Urban,0
LP002160,Male,Yes,3+,Graduate,No,5167,Semiurban,1
LP002161,Female,No,1,Graduate,No,4723,Semiurban,1
LP002170,Male,Yes,2,Graduate,No,5000,Semiurban,1
LP002175,Male,Yes,0,Graduate,No,4750,Urban,1
LP002178,Male,Yes,0,Graduate,No,3013,Urban,
LP002180,Male,No,0,Graduate,Yes,6822,Rural,1
LP002181,Male,No,0,Not Graduate,No,6216,Rural,1
LP002187,Male,No,0,Graduate,No,2500,Semiurban,1
LP002188,Male,No,0,Graduate,No,5124,Rural,0
LP002190,Male,Yes,1,Graduate,No,6325,Semiurban,1
LP002191,Male,Yes,0,Graduate,No,19730,Rural,1
LP002194,Female,No,0,Graduate,Yes,15759,Semiurban,1
LP002197,Male,Yes,2,Graduate,No,5185,Semiurban,1
LP002201,Male,Yes,2,Graduate,Yes,9323,Rural,1
LP002205,Male,No,1,Graduate,No,3062,Urban,0
LP002209,Female,No,0,Graduate,,2764,Urban,1
LP002211,Male,Yes,0,Graduate,No,4817,Urban,1
LP002219,Male,Yes,3+,Graduate,No,8750,Rural,1
LP002223,Male,Yes,0,Graduate,No,4310,Semiurban,
LP002224,Male,No,0,Graduate,No,3069,Urban,1
LP002225,Male,Yes,2,Graduate,No,5391,Urban,1
LP002226,Male,Yes,0,Graduate,,3333,Semiurban,1
LP002229,Male,No,0,Graduate,No,5941,Semiurban,1
LP002231,Female,No,0,Graduate,No,6000,Urban,1
LP002234,Male,No,0,Graduate,Yes,7167,Urban,1
LP002236,Male,Yes,2,Graduate,No,4566,Urban,1
LP002237,Male,No,1,Graduate,,3667,Urban,1
LP002239,Male,No,0,Not Graduate,No,2346,Semiurban,1
LP002243,Male,Yes,0,Not Graduate,No,3010,Urban,0
LP002244,Male,Yes,0,Graduate,No,2333,Urban,1
LP002250,Male,Yes,0,Graduate,No,5488,Rural,1
LP002255,Male,No,3+,Graduate,No,9167,Rural,1
LP002262,Male,Yes,3+,Graduate,No,9504,Rural,1
LP002263,Male,Yes,0,Graduate,No,2583,Urban,
LP002265,Male,Yes,2,Not Graduate,No,1993,Semiurban,1
LP002266,Male,Yes,2,Graduate,No,3100,Urban,1
LP002272,Male,Yes,2,Graduate,No,3276,Semiurban,
LP002277,Female,No,0,Graduate,No,3180,Urban,0
LP002281,Male,Yes,0,Graduate,No,3033,Urban,1
LP002284,Male,No,0,Not Graduate,No,3902,Rural,1
LP002287,Female,No,0,Graduate,No,1500,Semiurban,0
LP002288,Male,Yes,2,Not Graduate,No,2889,Urban,0
LP002296,Male,No,0,Not Graduate,No,2755,Rural,1
LP002297,Male,No,0,Graduate,No,2500,Semiurban,1
LP002300,Female,No,0,Not Graduate,No,1963,Semiurban,1
LP002301,Female,No,0,Graduate,Yes,7441,Rural,1
LP002305,Female,No,0,Graduate,No,4547,Semiurban,1
LP002308,Male,Yes,0,Not Graduate,No,2167,Urban,1
LP002314,Female,No,0,Not Graduate,No,2213,Rural,1
LP002315,Male,Yes,1,Graduate,No,8300,Semiurban,0
LP002317,Male,Yes,3+,Graduate,No,81000,Rural,0
LP002318,Female,No,1,Not Graduate,Yes,3867,Semiurban,1
LP002319,Male,Yes,0,Graduate,,6256,Urban,
LP002328,Male,Yes,0,Not Graduate,No,6096,Rural,0
LP002332,Male,Yes,0,Not Graduate,No,2253,Rural,1
LP002335,Female,Yes,0,Not Graduate,No,2149,Semiurban,0
LP002337,Female,No,0,Graduate,No,2995,Urban,1
LP002341,Female,No,1,Graduate,No,2600,Urban,1
LP002342,Male,Yes,2,Graduate,Yes,1600,Urban,1
LP002345,Male,Yes,0,Graduate,No,1025,Rural,1
LP002347,Male,Yes,0,Graduate,No,3246,Semiurban,1
LP002348,Male,Yes,0,Graduate,No,5829,Rural,1
LP002357,Female,No,0,Not Graduate,No,2720,Urban,0
LP002361,Male,Yes,0,Graduate,No,1820,Urban,1
LP002362,Male,Yes,1,Graduate,No,7250,Urban,0
LP002364,Male,Yes,0,Graduate,No,14880,Semiurban,1
LP002366,Male,Yes,0,Graduate,No,2666,Rural,1
LP002367,Female,No,1,Not Graduate,No,4606,Rural,1
LP002368,Male,Yes,2,Graduate,No,5935,Semiurban,1
LP002369,Male,Yes,0,Graduate,No,2920,Rural,1
LP002370,Male,No,0,Not Graduate,No,2717,Urban,1
LP002377,Female,No,1,Graduate,Yes,8624,Semiurban,1
LP002379,Male,No,0,Graduate,No,6500,Rural,0
LP002386,Male,No,0,Graduate,,12876,Semiurban,1
LP002387,Male,Yes,0,Graduate,No,2425,Semiurban,1
LP002390,Male,No,0,Graduate,No,3750,Urban,1
LP002393,Female,,,Graduate,No,10047,Semiurban,1
LP002398,Male,No,0,Graduate,No,1926,Semiurban,1
LP002401,Male,Yes,0,Graduate,No,2213,Urban,1
LP002403,Male,No,0,Graduate,Yes,10416,Urban,0
LP002407,Female,Yes,0,Not Graduate,Yes,7142,Rural,1
LP002408,Male,No,0,Graduate,No,3660,Semiurban,1
LP002409,Male,Yes,0,Graduate,No,7901,Rural,1
LP002418,Male,No,3+,Not Graduate,No,4707,Semiurban,1
LP002422,Male,No,1,Graduate,No,37719,Semiurban,1
LP002424,Male,Yes,0,Graduate,No,7333,Rural,
LP002429,Male,Yes,1,Graduate,Yes,3466,Rural,1
LP002434,Male,Yes,2,Not Graduate,No,4652,Rural,1
LP002435,Male,Yes,0,Graduate,,3539,Rural,1
LP002443,Male,Yes,2,Graduate,No,3340,Rural,0
LP002444,Male,No,1,Not Graduate,Yes,2769,Semiurban,
LP002446,Male,Yes,2,Not Graduate,No,2309,Rural,0
LP002447,Male,Yes,2,Not Graduate,No,1958,Urban,
LP002448,Male,Yes,0,Graduate,No,3948,Rural,0
LP002449,Male,Yes,0,Graduate,No,2483,Rural,0
LP002453,Male,No,0,Graduate,Yes,7085,Semiurban,1
LP002455,Male,Yes,2,Graduate,No,3859,Semiurban,1
LP002459,Male,Yes,0,Graduate,No,4301,Urban,1
LP002467,Male,Yes,0,Graduate,No,3708,Urban,1
LP002472,Male,No,2,Graduate,No,4354,Rural,1
LP002473,Male,Yes,0,Graduate,No,8334,Semiurban,1
LP002478,,Yes,0,Graduate,Yes,2083,Semiurban,
LP002484,Male,Yes,3+,Graduate,No,7740,Urban,1
LP002487,Male,Yes,0,Graduate,No,3015,Rural,1
LP002489,Female,No,1,Not Graduate,,5191,Semiurban,1
LP002493,Male,No,0,Graduate,No,4166,Semiurban,0
LP002494,Male,No,0,Graduate,No,6000,Rural,1
LP002500,Male,Yes,3+,Not Graduate,No,2947,Urban,0
LP002501,,Yes,0,Graduate,No,16692,Semiurban,1
LP002502,Female,Yes,2,Not Graduate,,210,Semiurban,1
LP002505,Male,Yes,0,Graduate,No,4333,Urban,1
LP002515,Male,Yes,1,Graduate,Yes,3450,Semiurban,1
LP002517,Male,Yes,1,Not Graduate,No,2653,Rural,0
LP002519,Male,Yes,3+,Graduate,No,4691,Semiurban,1
LP002522,Female,No,0,Graduate,Yes,2500,Urban,
LP002524,Male,No,2,Graduate,No,5532,Rural,1
LP002527,Male,Yes,2,Graduate,Yes,16525,Rural,1
LP002529,Male,Yes,2,Graduate,No,6700,Semiurban,1
LP002530,,Yes,2,Graduate,No,2873,Semiurban,0
LP002531,Male,Yes,1,Graduate,Yes,16667,Semiurban,1
LP002533,Male,Yes,2,Graduate,No,2947,Urban,1
LP002534,Female,No,0,Not Graduate,No,4350,Rural,1
LP002536,Male,Yes,3+,Not Graduate,No,3095,Rural,1
LP002537,Male,Yes,0,Graduate,No,2083,Semiurban,1
LP002541,Male,Yes,0,Graduate,No,10833,Semiurban,1
LP002543,Male,Yes,2,Graduate,No,8333,Semiurban,1
LP002544,Male,Yes,1,Not Graduate,No,1958,Rural,1
LP002545,Male,No,2,Graduate,No,3547,Rural,0
LP002547,Male,Yes,1,Graduate,No,18333,Urban,1
LP002555,Male,Yes,2,Graduate,Yes,4583,Semiurban,1
LP002556,Male,No,0,Graduate,No,2435,Urban,1
LP002560,Male,No,0,Not Graduate,No,2699,Semiurban,
LP002562,Male,Yes,1,Not Graduate,No,5333,Urban,
LP002571,Male,No,0,Not Graduate,No,3691,Rural,1
LP002582,Female,No,0,Not Graduate,Yes,17263,Semiurban,1
LP002585,Male,Yes,0,Graduate,No,3597,Rural,0
LP002586,Female,Yes,1,Graduate,No,3326,Semiurban,1
LP002587,Male,Yes,0,Not Graduate,No,2600,Rural,1
LP002588,Male,Yes,0,Graduate,No,4625,Urban,
LP002600,Male,Yes,1,Graduate,Yes,2895,Semiurban,1
LP002602,Male,No,0,Graduate,No,6283,Rural,0
LP002603,Female,No,0,Graduate,No,645,Rural,1
LP002606,Female,No,0,Graduate,No,3159,Semiurban,1
LP002615,Male,Yes,2,Graduate,No,4865,Semiurban,1
LP002618,Male,Yes,1,Not Graduate,No,4050,Rural,
LP002619,Male,Yes,0,Not Graduate,No,3814,Semiurban,1
LP002622,Male,Yes,2,Graduate,No,3510,Rural,1
LP002624,Male,Yes,0,Graduate,No,20833,Urban,
LP002625,,No,0,Graduate,No,3583,Urban,1
LP002626,Male,Yes,0,Graduate,Yes,2479,Urban,1
LP002634,Female,No,1,Graduate,No,13262,Urban,1
LP002637,Male,No,0,Not Graduate,No,3598,Rural,1
LP002640,Male,Yes,1,Graduate,No,6065,Semiurban,1
LP002643,Male,Yes,2,Graduate,No,3283,Urban,1
LP002648,Male,Yes,0,Graduate,No,2130,Semiurban,1
LP002652,Male,No,0,Graduate,No,5815,Rural,1
LP002659,Male,Yes,3+,Graduate,No,3466,Rural,1
LP002670,Female,Yes,2,Graduate,No,2031,Semiurban,1
LP002682,Male,Yes,,Not Graduate,No,3074,Semiurban,0
LP002683,Male,No,0,Graduate,No,4683,Semiurban,1
LP002684,Female,No,0,Not Graduate,No,3400,Rural,1
LP002689,Male,Yes,2,Not Graduate,No,2192,Semiurban,1
LP002690,Male,No,0,Graduate,No,2500,Semiurban,1
LP002692,Male,Yes,3+,Graduate,Yes,5677,Rural,1
LP002693,Male,Yes,2,Graduate,Yes,7948,Rural,1
LP002697,Male,No,0,Graduate,No,4680,Semiurban,1
LP002699,Male,Yes,2,Graduate,Yes,17500,Rural,1
LP002705,Male,Yes,0,Graduate,No,3775,Semiurban,1
LP002706,Male,Yes,1,Not Graduate,No,5285,Semiurban,0
LP002714,Male,No,1,Not Graduate,No,2679,Semiurban,1
LP002716,Male,No,0,Not Graduate,No,6783,Semiurban,1
LP002717,Male,Yes,0,Graduate,No,1025,Rural,
LP002720,Male,Yes,3+,Graduate,No,4281,Urban,1
LP002723,Male,No,2,Graduate,No,3588,Rural,0
LP002729,Male,No,1,Graduate,No,11250,Semiurban,
LP002731,Female,No,0,Not Graduate,Yes,18165,Urban,1
LP002732,Male,No,0,Not Graduate,,2550,Rural,1
LP002734,Male,Yes,0,Graduate,No,6133,Urban,1
LP002738,Male,No,2,Graduate,No,3617,Semiurban,1
LP002739,Male,Yes,0,Not Graduate,No,2917,Rural,1
LP002740,Male,Yes,3+,Graduate,No,6417,Rural,1
LP002741,Female,Yes,1,Graduate,No,4608,Semiurban,1
LP002743,Female,No,0,Graduate,No,2138,Semiurban,0
LP002753,Female,No,1,Graduate,,3652,Semiurban,1
LP002755,Male,Yes,1,Not Graduate,No,2239,Urban,1
LP002757,Female,Yes,0,Not Graduate,No,3017,Semiurban,
LP002767,Male,Yes,0,Graduate,No,2768,Rural,1
LP002768,Male,No,0,Not Graduate,No,3358,Semiurban,1
LP002772,Male,No,0,Graduate,No,2526,Rural,1
LP002776,Female,No,0,Graduate,No,5000,Semiurban,0
LP002777,Male,Yes,0,Graduate,No,2785,Rural,1
LP002778,Male,Yes,2,Graduate,Yes,6633,Rural,0
LP002784,Male,Yes,1,Not Graduate,No,2492,Rural,1
LP002785,Male,Yes,1,Graduate,No,3333,Urban,1
LP002788,Male,Yes,0,Not Graduate,No,2454,Urban,0
LP002789,Male,Yes,0,Graduate,No,3593,Rural,0
LP002792,Male,Yes,1,Graduate,No,5468,Semiurban,1
LP002794,Female,No,0,Graduate,No,2667,Urban,
LP002795,Male,Yes,3+,Graduate,Yes,10139,Semiurban,1
LP002798,Male,Yes,0,Graduate,No,3887,Semiurban,1
LP002804,Female,Yes,0,Graduate,No,4180,Semiurban,1
LP002807,Male,Yes,2,Not Graduate,No,3675,Semiurban,1
LP002813,Female,Yes,1,Graduate,Yes,19484,Semiurban,1
LP002820,Male,Yes,0,Graduate,No,5923,Rural,1
LP002821,Male,No,0,Not Graduate,Yes,5800,Semiurban,1
LP002832,Male,Yes,2,Graduate,No,8799,Urban,0
LP002833,Male,Yes,0,Not Graduate,No,4467,Rural,
LP002836,Male,No,0,Graduate,No,3333,Urban,1
LP002837,Male,Yes,3+,Graduate,No,3400,Rural,0
LP002840,Female,No,0,Graduate,No,2378,Urban,1
LP002841,Male,Yes,0,Graduate,No,3166,Urban,0
LP002842,Male,Yes,1,Graduate,No,3417,Urban,1
LP002847,Male,Yes,,Graduate,No,5116,Urban,0
LP002855,Male,Yes,2,Graduate,No,16666,Urban,1
LP002862,Male,Yes,2,Not Graduate,No,6125,Semiurban,1
LP002863,Male,Yes,3+,Graduate,No,6406,Semiurban,1
LP002868,Male,Yes,2,Graduate,No,3159,Urban,1
LP002872,,Yes,0,Graduate,No,3087,Semiurban,0
LP002874,Male,No,0,Graduate,No,3229,Urban,1
LP002877,Male,Yes,1,Graduate,No,1782,Rural,1
LP002888,Male,No,0,Graduate,,3182,Urban,1
LP002892,Male,Yes,2,Graduate,No,6540,Semiurban,1
LP002893,Male,No,0,Graduate,No,1836,Urban,1
LP002894,Female,Yes,0,Graduate,No,3166,Semiurban,1
LP002898,Male,Yes,1,Graduate,No,1880,Rural,
LP002911,Male,Yes,1,Graduate,No,2787,Rural,0
LP002912,Male,Yes,1,Graduate,No,4283,Rural,1
LP002916,Male,Yes,0,Graduate,No,2297,Urban,1
LP002917,Female,No,0,Not Graduate,No,2165,Semiurban,1
LP002925,,No,0,Graduate,No,4750,Semiurban,1
LP002926,Male,Yes,2,Graduate,Yes,2726,Semiurban,0
LP002928,Male,Yes,0,Graduate,No,3000,Semiurban,1
LP002931,Male,Yes,2,Graduate,Yes,6000,Semiurban,1
LP002933,,No,3+,Graduate,Yes,9357,Semiurban,1
LP002936,Male,Yes,0,Graduate,No,3859,Rural,1
LP002938,Male,Yes,0,Graduate,Yes,16120,Urban,1
LP002940,Male,No,0,Not Graduate,No,3833,Rural,1
LP002941,Male,Yes,2,Not Graduate,Yes,6383,Rural,1
LP002943,Male,No,,Graduate,No,2987,Semiurban,0
LP002945,Male,Yes,0,Graduate,Yes,9963,Rural,1
LP002948,Male,Yes,2,Graduate,No,5780,Urban,1
LP002949,Female,No,3+,Graduate,,416,Urban,
LP002950,Male,Yes,0,Not Graduate,,2894,Rural,1
LP002953,Male,Yes,3+,Graduate,No,5703,Urban,1
LP002958,Male,No,0,Graduate,No,3676,Rural,1
LP002959,Female,Yes,1,Graduate,No,12000,Semiurban,1
LP002960,Male,Yes,0,Not Graduate,No,2400,Urban,1
LP002961,Male,Yes,1,Graduate,No,3400,Semiurban,1
LP002964,Male,Yes,2,Not Graduate,No,3987,Rural,1
LP002974,Male,Yes,0,Graduate,No,3232,Rural,1
LP002978,Female,No,0,Graduate,No,2900,Rural,1
LP002979,Male,Yes,3+,Graduate,No,4106,Rural,1
LP002983,Male,Yes,1,Graduate,No,8072,Urban,1
LP002984,Male,Yes,2,Graduate,No,7583,Urban,1
LP002990,Female,No,0,Graduate,Yes,4583,Semiurban,0
